Mon super auteur,Ma super description
auteur de test,description pour le test
auteur de test,description pour le test
auteur de test,description pour le test
auteur de test,description pour le test
auteur de test,description pour le test
auteur de test,description pour le test
auteur de test,description pour le test
auteur de test,description pour le test
auteur de test,description pour le test
auteur de test,description pour le test
auteur de test,description pour le test
auteur de test,description pour le test
auteur de test,description pour le test
blaseblsa,potinpit
dfngksdjngkdjfngkldf,sdfsdfsdf
dfngksdjngkdjfngkldf,sdfsdfsdf
